0,
0,
0,
0,
1,
1,
3,
5,
5,
7,
7,
9,
9,
10,
11,
12,
13,
16,
16,
18,
18,
19,
22,
20,
23,
2,
23,
22,
24,
23,
25,
25,
26,
26,
27,
28,
27,
29,
28,
0,
29,
30,
29,
30,
30,
30,
30,
31,
30,
30,
32,
30,
32,
32,
31,
32,
31,
2,
32,
32,
33,
32,
34,
35,
33,
36,
34,
34,
36,
36,
37,
7,
38,
38,
38,
39,
38,
39,
42,
40,
42,
43,
41,
44,
43,
5,
44,
45,
45,
45,
46,
47,
46,
49,
47,
47,
50,
48,
51,
0,
51,
53,
53,
53,
53,
55,
54,
56,
4,
57,
55,
57,
56,
58,
59,
58,
59,
58,
59,
59,
60,
60,
2,
60,
63,
61,
63,
60,
61,
63,
62,
64,
3,
64,
64,
64,
65,
64,
64,
66,
64,
67,
67,
66,
68,
67,
68,
68,
68,
68,
69,
70,
68,
71,
69,
2,
70,
73,
72,
73,
74,
75,
75,
77,
76,
8,
77,
80,
78,
81,
80,
81,
82,
83,
83,
4,
83,
85,
83,
86,
85,
85,
87,
86,
87,
8,
87,
89,
88,
89,
88,
88,
90,
89,
91,
0,
91,
91,
91,
93,
92,
93,
94,
93,
95,
5,
96,
96,
97,
98,
98,
98,
99,
99,
101,
00,
101,
101,
102,
101,
02,
1,
103,
101,
103,
102,
3,
102,
103,
103,
103,
04,
105,
103,
105,
104,
6,
1,
108,
109,
110,
110,
1,
112,
111,
114,
113,
15,
116,
115,
117,
117,
18,
1,
119,
121,
119,
121,
9,
122,
120,
122,
121,
124,
124,
125,
124,
126,
24,
1,
125,
127,
125,
128,
6,
1,
127,
129,
129,
129,
0,
129,
131,
129,
132,
131,
132,
134,
133,
134,
33,
1,
134,
133,
135,
134,
6,
1,
136,
134,
137,
135,
6,
136,
136,
137,
136,
137,
138,
136,
139,
138,
40,
140,
140,
140,
141,
40,
1,
140,
143,
141,
143,
2,
144,
143,
145,
145,
145,
6,
145,
147,
146,
148,
147,
148,
149,
150,
151,
51,
152,
152,
153,
153,
54,
1,
155,
155,
156,
157,
57,
1,
158,
159,
160,
161,
1,
1,
162,
163,
164,
164,
5,
1,
166,
167,
167,
168,
9,
169,
170,
170,
171,
171,
2,
172,
173,
173,
174,
174,
4,
175,
175,
176,
176,
176,
177,
177,
178,
178,
178,
179,
180,
180,
181,
181,
181,
182,
182,
182,
182,
184,
184,
184,
184,
185,
185,
186,
186,
186,
187,
187,
188,
189,
189,
189,
190,
191,
191,
192,
192,
193,
194,
194,
194,
195,
196,
196,
197,
197,
197,
198,
199,
199,
199,
200,
1,
202,
202,
202,
203,
204,
4,
205,
205,
206,
206,
207,
8,
208,
209,
210,
210,
211,
1,
2,
212,
212,
213,
214,
15,
2,
215,
216,
216,
217,
17,
2,
218,
219,
219,
220,
20,
222,
223,
223,
224,
225,
225,
225,
227,
234,
240,
6,
2,
260,
265,
274,
279,
282,
2,
283,
284,
284,
286,
285,
7,
2,
289,
288,
289,
283,
78,
2,
268,
264,
256,
252,
245,
245,
245,
246,
246,
247,
6,
248,
247,
248,
248,
248,
0,
2,
250,
249,
251,
251,
52,
252,
254,
253,
255,
254,
5,
256,
256,
257,
257,
259,
7,
2,
258,
260,
260,
260,
60,
261,
259,
262,
261,
262,
261,
263,
261,
264,
262,
4,
2,
265,
266,
265,
268,
66,
268,
270,
271,
270,
273,
1,
275,
273,
277,
276,
277,
78,
2,
281,
278,
281,
279,
281,
2,
281,
284,
282,
285,
283,
86,
2,
286,
288,
286,
290,
287,
289,
290,
291,
289,
293,
90,
2,
292,
294,
295,
294,
297,
298,
296,
298,
298,
298,
01,
2,
303,
300,
303,
302,
302,
5,
302,
307,
304,
307,
306,
06,
306,
310,
307,
311,
309,
0,
3,
309,
314,
310,
314,
312,
315,
312,
317,
313,
317,
15,
3,
318,
314,
319,
315,
319,
9,
3,
322,
318,
323,
319,
22,
321,
325,
321,
326,
323,
25,
3,
325,
329,
325,
330,
327,
9,
3,
328,
332,
329,
333,
331,
334,
332,
336,
332,
336,
35,
337,
334,
338,
334,
338,
7,
3,
340,
336,
341,
338,
340,
0,
3,
342,
339,
343,
341,
343,
343,
347,
343,
348,
345,
47,
346,
350,
347,
351,
349,
51,
350,
354,
350,
354,
352,
4,
3,
353,
357,
354,
358,
356,
7,
3,
356,
360,
357,
360,
359,
1,
3,
361,
365,
362,
366,
364,
6,
3,
366,
370,
367,
371,
370,
3,
3,
373,
377,
373,
377,
375,
7,
3,
377,
381,
378,
382,
380,
2,
3,
381,
384,
381,
385,
383,
5,
3,
384,
388,
384,
389,
386,
8,
3,
388,
391,
388,
392,
390,
2,
3,
392,
395,
392,
397,
394,
7,
3,
396,
399,
396,
401,
398,
00,
3,
400,
402,
400,
404,
400,
04,
403,
405,
403,
407,
403,
07,
407,
408,
406,
410,
407,
411,
9,
4,
411,
411,
414,
411,
415,
3,
4,
416,
416,
419,
416,
420,
7,
4,
419,
420,
421,
420,
424,
21,
422,
424,
425,
424,
427,
424,
8,
425,
428,
428,
428,
430,
429,
3,
4,
434,
432,
433,
434,
432,
36,
437,
435,
437,
438,
437,
440,
7,
4,
438,
441,
440,
440,
442,
39,
4,
441,
444,
443,
443,
445,
43,
444,
448,
446,
448,
449,
448,
2,
4,
452,
449,
452,
451,
451,
54,
455,
453,
454,
454,
453,
455,
3,
4,
454,
456,
456,
456,
458,
57,
459,
462,
461,
462,
463,
462,
4,
4,
466,
464,
467,
465,
466,
468,
7,
4,
468,
470,
468,
470,
470,
69,
470,
475,
473,
475,
476,
474,
8,
